demand,cogs
0,16.425076096455925
20,16.446033947960917
40,16.466905301503395
60,16.487690691476594
80,16.50839064788077
100,16.52900569636821
120,16.54953635828775
140,16.56998315072872
160,16.590346586564348
180,16.61062717449466
200,16.63082541908882
